collector	stable-size-align-offset-inventory
rustc	rustc 1.97.1 (8bab26f4f 2026-07-14)
format	nudox-layout-baseline-v1
target_arch	aarch64
target_os	macos
pointer_width	64
cache_line_assumption_bytes	64
columns	kind	family	type	size_bytes	align_bytes	cache_lines	contract
type	identity	DomainTag	16	1	1	repr(transparent), protocol-label width
type	identity	EncodingTag	16	1	1	repr(transparent), protocol-label width
type	identity	ContentId<ObjectDomain>	32	1	1	repr(transparent), explicit exact-layout test
type	identity	ArtifactId<FrameEncoding, ObjectDomain>	32	1	1	repr(transparent), explicit exact-layout test
type	identity	ContentRoutingWord	8	8	1	repr(transparent), explicit exact-layout test
type	identity	GenerationId	32	1	1	ContentId alias
type	identity	DepSetId	32	1	1	ContentId alias
type	identity	ContentHasher<ObjectDomain>	1920	8	30	compiler discovery
type	identity	ArtifactHasher<FrameEncoding, ObjectDomain>	1920	8	30	compiler discovery
type	frame	FrameHeader	24	1	1	repr(C), exact wire layout test
type	frame	SectionDescriptor	16	1	1	repr(C), exact wire layout test
type	frame	SectionKind	1	1	1	repr(u8), closed wire tag
type	frame	SectionDisposition	1	1	1	compiler discovery
type	frame	SectionCompatibilityError	3	1	1	compiler discovery
type	frame	UnknownSectionKind	1	1	1	tuple newtype
type	frame	DecodeLimits	16	4	1	compiler discovery
type	frame	FrameBytesLimit	4	4	1	repr(transparent)
type	frame	RowCount	4	4	1	repr(transparent)
type	frame	LimitKind	1	1	1	compiler discovery
type	frame	LimitError	12	4	1	compiler discovery
type	frame	SectionInput<'static>	24	8	1	borrowed input
type	frame	PreparedFrame<'static>	256	8	4	inline prepared-section capacity
type	frame	EncodeError	24	8	1	compiler discovery
type	frame	ValidatedFrame<'static>	96	8	2	inline validated-section capacity
type	frame	Section<'static>	24	8	1	borrowed section
type	frame	Sections<'static, 'static>	16	8	1	borrowing iterator
type	frame	ValidateError	40	8	1	compiler discovery
type	frame	DescriptorError	32	8	1	compiler discovery
type	object	ObjectLength	8	8	1	repr(transparent)
type	object	ObjectKind	2	2	1	repr(transparent)
type	object	ObjectRef<ObjectDomain>	48	8	1	repr(C), semantic descriptor
type	object	ProviderId	1	1	1	repr(transparent)
type	object	ProviderSet	8	8	1	repr(transparent) bitset
type	object	RemoteBase<ObjectDomain>	80	8	2	compiler discovery
type	root	EntryKey	8	8	1	repr(transparent)
type	root	EntryRange	16	8	1	compiler discovery
type	root	RootEntry<ObjectDomain>	72	8	2	compiler discovery
type	root	GenerationRoot<ObjectDomain>	64	8	1	boxed packed-row owner
type	root	GenerationRootFacts	48	8	1	compiler discovery
type	root	GenerationRootBuilder<ObjectDomain>	24	8	1	vector-backed builder
type	root	RootBuildError	24	8	1	cold error, compiler discovery
type	root	RootPushError	8	8	1	cold error, compiler discovery
type	root	Locality<ObjectDomain>	80	8	2	compiler discovery
type	root	LocalityFact<ObjectDomain>	88	8	2	compiler discovery
type	root	GenerationEntry<ObjectDomain>	152	8	3	composed scan row
type	root	LocalityMap<ObjectDomain>	80	8	2	three boxed sparse sidecars
type	root	GenerationView<'static, 'static, ObjectDomain>	16	8	1	borrowed composition
type	root	GenerationScan<'static, 'static, ObjectDomain>	40	8	1	borrowing iterator
type	root	MeasuredGenerationScan<'static, 'static, ObjectDomain>	56	8	1	borrowing iterator plus work sink
type	root	SelectedGeneration<'static, ObjectDomain>	48	8	1	borrowing selection view
type	root	LocalityScanWork	16	8	1	work counter
type	root	LocalityLookupWork	16	8	1	work counter
type	root	ClosureScratch	80	8	2	two reusable vectors
type	root	ClosureScratchFacts	24	8	1	compiler discovery
type	root	SelectionWork	16	8	1	work counter
type	root	SelectedClosure<'static, ObjectDomain>	40	8	1	borrowing selection view
type	root	RootChange<ObjectDomain>	152	8	3	diff event
type	root	RootDiff<'static, 'static, ObjectDomain>	216	8	4	borrowing diff cursor
type	hydration	Projection	24	8	1	compiler discovery
type	hydration	Need	56	8	1	request fact
type	hydration	BoundNeed<'static, 'static, 'static, ObjectDomain>	32	8	1	borrowed generation witness
type	hydration	DemandBindError	64	1	1	cold error, compiler discovery
type	hydration	Promise<ObjectDomain>	56	8	1	plan item
type	hydration	FetchRoute	16	8	1	closed route
type	hydration	Fetch<ObjectDomain>	64	8	1	plan item
type	hydration	PlanCoverage	32	8	1	aggregate counters
type	hydration	PlanScratch<ObjectDomain>	40	8	1	coverage-sidecar vector
type	hydration	PlanScratchFacts	16	8	1	compiler discovery
type	hydration	PlanError	24	8	1	cold error, compiler discovery
type	hydration	HydrationPlanView<'static, ObjectDomain>	184	8	3	borrowing plan view
type	hydration	StagedGeneration<'static, ObjectDomain>	8	8	1	borrowing typestate
type	hydration	VerifiedGeneration	64	1	1	sealed typestate witness
type	hydration	ReadyGeneration	64	1	1	sealed typestate witness
type	hydration	VerificationError<ObjectDomain>	80	8	2	cold error, compiler discovery
type	store	ByteCapacity	8	8	1	repr(transparent)
type	store	SlotCapacity	4	4	1	repr(transparent)
type	store	StoreCapacity	16	8	1	compiler discovery
type	store	StoreStats	56	8	1	compiler discovery
type	store	StoreInitError	24	8	1	cold error, compiler discovery
type	store	MemoryStore<ObjectDomain, 0, 0>	112	8	2	zero-inline candidate; compiler discovery
type	store	MemoryStore<ObjectDomain, 1, 2>	168	8	3	one-entry/two-bucket client candidate; compiler discovery
type	store	MemoryStore<ObjectDomain>	376	8	6	default four-entry/eight-bucket inline metadata
type	store	StoredObjectView<'static, ObjectDomain>	64	8	1	borrowed lookup result
type	store	Lookup	16	8	1	probe count result
type	store	InsertOutcome	1	1	1	closed admission outcome
type	store	StoreOperation	0	1	0	closed probe operation
type	store	StoreAdmission	1	1	1	closed probe outcome
type	store	StoreProbeEvent	1	1	1	aggregate event
type	store	StoreError<ObjectDomain>	56	8	1	cold error, compiler discovery
type	store	RejectedInsert<ObjectDomain>	120	8	2	owns rejected payload box
type	operation	ObjectProvenance	1	1	1	compiler discovery
type	operation	PinnedObjectRequest<ObjectDomain>	80	8	2	operation request
type	operation	ObjectAbsence	0	1	0	closed absence state
type	operation	MissingObject<ObjectDomain>	48	8	1	terminal fact
type	operation	PinnedObjectOperation<ObjectDomain>	0	1	0	zero-sized operation brand
type	operation	LocalObjectError	1	1	1	cold error, compiler discovery
type	operation	ObjectBatch<'static, ObjectDomain>	48	8	1	borrowed batch
type	operation	LocalObjectProvider<ObjectDomain>	184	8	3	provider state
type	operation	LocalObjectRun<ObjectDomain>	88	8	2	cursor state
type	operation	SourcePoll<u64, u64>	16	8	1	generic source poll
type	operation	TerminalSummary<u64>	16	8	1	generic terminal fact
type	runtime	RetainedBytes	8	8	1	repr(transparent)
type	runtime	ByteQuantum	8	8	1	repr(transparent)
type	runtime	ByteBudget	24	8	1	compiler discovery
type	runtime	ByteBudgetError	1	1	1	cold error, compiler discovery
type	runtime	WorkHandle	24	8	1	public generational handle
type	runtime	CancelResult	1	1	1	compiler discovery
type	runtime	SlotClaimError	8	8	1	cold error, compiler discovery
type	runtime	DequeueError	40	8	1	cold error, compiler discovery
type	runtime	WaiterRegistrationError	24	8	1	cold error, compiler discovery
type	runtime	RuntimeMetrics	120	8	2	aggregate atomic snapshot
type	runtime	Runtime<u64, u64>	768	128	12	bounded runtime owner
type	runtime	Admission<'static, u64, u64>	8	8	1	borrowed producer handle
type	runtime	AdmissionFuture<'static, u64, u64>	88	8	2	async admission state
type	runtime	Owner<'static, u64, u64>	16	8	1	borrowed owner handle
type	runtime	RejectedWork<u64>	16	8	1	returns rejected work
type	runtime	RejectionReason	1	1	1	closed rejection
type	runtime	AdmissionError<u64>	32	8	1	cold error, compiler discovery
type	runtime	TerminalKind	1	1	1	closed terminal tag
type	runtime	TerminalEvent<u64>	40	8	1	terminal queue record projection
type	runtime	OwnerFault	40	8	1	cold error, compiler discovery
type	runtime	RuntimeConfigError	24	8	1	cold error, compiler discovery
type	workflow	WorkflowVersion	2	2	1	repr(transparent)
type	workflow	StageId	1	1	1	closed tag
type	workflow	FailureCode	1	1	1	closed tag
type	workflow	EventName	1	1	1	closed diagnostic tag
type	workflow	StageKey	32	1	1	32-byte canonical identity
type	workflow	StageInput<ObjectDomain>	64	1	1	key derivation input
type	workflow	EventKind	33	1	1	durable event payload
type	workflow	WorkflowEvent	68	2	2	durable log row
type	workflow	PriorFacts	33	1	1	reducer state fact
type	workflow	Phase	34	1	1	reducer state
type	workflow	PhaseName	1	1	1	closed phase tag
type	workflow	WorkflowState	66	1	2	reducer state
type	workflow	Effect	65	1	2	pending effect
type	workflow	Reduction	131	1	3	reduction result
type	workflow	ReductionError	66	2	2	cold error, compiler discovery
type	workflow	WorkflowLog	104	8	2	bounded event vector
type	workflow	LogConfigError	16	8	1	cold error, compiler discovery
type	workflow	CommitError	70	2	2	cold error, compiler discovery
type	workflow	Recovery	131	1	3	recovery result
type	observe	NoopProbe	0	1	0	zero-sized static policy
type	observe	FlightRecorder<WorkflowEvent, DropNewest, 0>	16	8	1	zero-capacity recorder policy
type	observe	FlightRecorder<WorkflowEvent, DropNewest, 4>	288	8	5	inline four-event ring
type	observe	FlightRecorder<WorkflowEvent, OverwriteOldest, 4>	288	8	5	inline four-event ring
type	observe	FlightEvents<'static, WorkflowEvent, 4>	32	8	1	borrowing recorder iterator
offset	FrameHeader	magic	0
offset	FrameHeader	major	4
offset	FrameHeader	minor	5
offset	FrameHeader	header_bytes	6
offset	FrameHeader	total_bytes	8
offset	FrameHeader	section_count	12
offset	FrameHeader	reserved_a	14
offset	FrameHeader	schema	16
offset	FrameHeader	reserved_b	20
offset	SectionDescriptor	kind	0
offset	SectionDescriptor	flags	1
offset	SectionDescriptor	reserved	2
offset	SectionDescriptor	body_offset	4
offset	SectionDescriptor	body_length	8
offset	SectionDescriptor	rows	12
offset	ObjectRef<ObjectDomain>	content	0
offset	ObjectRef<ObjectDomain>	length	32
offset	ObjectRef<ObjectDomain>	schema	40
offset	ObjectRef<ObjectDomain>	kind	44
offset	RootEntry<ObjectDomain>	key	64
offset	RootEntry<ObjectDomain>	parent	0
offset	RootEntry<ObjectDomain>	object	16
offset	LocalityFact<ObjectDomain>	key	0
offset	LocalityFact<ObjectDomain>	locality	8
offset	GenerationEntry<ObjectDomain>	key	144
offset	GenerationEntry<ObjectDomain>	parent	0
offset	GenerationEntry<ObjectDomain>	object	16
offset	GenerationEntry<ObjectDomain>	locality	64
offset	Need	pinned_root	24
offset	Need	projection	0
offset	PlanCoverage	required	0
offset	PlanCoverage	present	8
offset	PlanCoverage	promised	16
offset	PlanCoverage	missing	24
offset	StoreCapacity	bytes	0
offset	StoreCapacity	slots	8
offset	StoreStats	capacity	0
offset	StoreStats	index_buckets	16
offset	StoreStats	index_bytes	24
offset	StoreStats	current_bytes	40
offset	StoreStats	current_slots	48
offset	WorkflowEvent	version	0
offset	WorkflowEvent	key	2
offset	WorkflowEvent	kind	34
